{
  "0": {
    "precision": 0.9495412844036697,
    "recall": 0.9583333333333334,
    "f1-score": 0.9539170506912442,
    "support": 216.0
  },
  "1": {
    "precision": 0.9419354838709677,
    "recall": 0.954248366013072,
    "f1-score": 0.948051948051948,
    "support": 153.0
  },
  "2": {
    "precision": 0.8740157480314961,
    "recall": 0.8473282442748091,
    "f1-score": 0.8604651162790697,
    "support": 131.0
  },
  "accuracy": 0.928,
  "macro avg": {
    "precision": 0.9218308387687112,
    "recall": 0.9199699812070715,
    "f1-score": 0.9208113716740872,
    "support": 500.0
  },
  "weighted avg": {
    "precision": 0.9274262189111535,
    "recall": 0.928,
    "f1-score": 0.9276379224676299,
    "support": 500.0
  }
}