Feature,Importance
PacketLoss,0.24933333333333338
Jitter,0.15133333333333335
Throughput,0.12216666666666669
EdgeServerLoad,0.04483333333333337
HandoverRate,0.031000000000000028
EnergyConsumption,0.020333333333333353
Latency,0.01766666666666668
SignalStrength,0.013333333333333345
Users,0.005500000000000005
NetworkSlice,0.0050000000000000044
Bandwidth,0.00416666666666667
MobilitySpeed,-0.0006666666666666673
